{"cameraMode":{"drawMode":0,"name":"Shaded","section":"Shading Mode"},"sceneLighting":false,"audioPlay":false,"sceneViewState":{"showFog":true,"showMaterialUpdate":false,"showSkybox":false,"showFlares":true,"showImageEffects":true,"showParticleSystems":true},"in2DMode":false,"pivot":{"x":-0.8999218940734863,"y":-28.274505615234376,"z":-20.3609619140625},"rotation":{"x":-0.23949256539344788,"y":0.003826623782515526,"z":-0.0006337296217679977,"w":-0.9710156917572022},"size":870.9440307617188,"orthographic":false}