{"cameraMode":{"drawMode":0,"name":"Shaded","section":"Shading Mode"},"sceneLighting":false,"audioPlay":false,"sceneViewState":{"showFog":true,"showMaterialUpdate":false,"showSkybox":false,"showFlares":true,"showImageEffects":true,"showParticleSystems":true},"in2DMode":false,"pivot":{"x":170.75271606445313,"y":-9.627237319946289,"z":225.6142578125},"rotation":{"x":-0.0024831576738506557,"y":-0.9959695935249329,"z":0.08568350225687027,"w":-0.030767016112804414},"size":22.0,"orthographic":false}