{"cameraMode":{"drawMode":0,"name":"Shaded","section":"Shading Mode"},"sceneLighting":false,"audioPlay":false,"sceneViewState":{"showFog":true,"showMaterialUpdate":false,"showSkybox":false,"showFlares":true,"showImageEffects":true,"showParticleSystems":true},"in2DMode":false,"pivot":{"x":-1.4901161193847657e-7,"y":0.7682883739471436,"z":0.05758348107337952},"rotation":{"x":-0.014710808172821999,"y":0.964142918586731,"z":-0.25939783453941347,"w":-0.05538135766983032},"size":3.076650619506836,"orthographic":false}